date,close,light
6-Mar-00,4,3
8-Mar-00,15,15
10-Mar-00,1,3
31-Mar-00,2,3
2-Apr-00,6,17
14-Apr-00,11,4
15-Apr-00,2,4
30-Apr-00,1,14
1-May-00,28,14
3-May-00,4,3
4-May-00,39,14
5-May-00,27,16
6-May-00,14,4
7-May-00,4,4
8-May-00,6,4
9-May-00,8,14
9-May-00,8,3
10-May-00,0,3
11-May-00,2,9
12-May-00,14,10
13-May-00,7,9
15-May-00,1,9
17-May-00,4,3
20-May-00,0,9
21-May-00,0,9
23-May-00,6,11
24-May-00,6,3
29-May-00,2,17
30-May-00,1,9
4-Sep-00,4,16
5-Sep-00,1,16
8-Sep-00,25,16
9-Sep-00,30,16
10-Sep-00,11,16
11-Sep-00,9,16
12-Sep-00,29,16
13-Sep-00,23,16
14-Sep-00,6,16
15-Sep-00,29,15
17-Sep-00,9,15
18-Sep-00,2,15
19-Sep-00,1,15
20-Sep-00,6,15
21-Sep-00,21,4
22-Sep-00,3,10
23-Sep-00,0,3
24-Sep-00,2,10
25-Sep-00,6,6
26-Sep-00,8,12
27-Sep-00,8,13
28-Sep-00,11,11
1-Oct-00,0,12
2-Oct-00,4,10
3-Oct-00,41,14
4-Oct-00,8,17
5-Oct-00,12,14
6-Oct-00,8,15
7-Oct-00,21,16
8-Oct-00,35,17
9-Oct-00,32,17
10-Oct-00,29,16
11-Oct-00,19,16
12-Oct-00,5,17
13-Oct-00,2,16
14-Oct-00,2,16
15-Oct-00,155,16
16-Oct-00,18,14
18-Oct-00,2,11
19-Oct-00,7,11
20-Oct-00,5,11
21-Oct-00,5,10
22-Oct-00,5,10
23-Oct-00,7,11
24-Oct-00,0,17
25-Oct-00,4,17
26-Oct-00,4,17
27-Oct-00,11,17
28-Oct-00,1,17
29-Oct-00,2,17
30-Oct-00,1,17
31-Oct-00,1,17
1-Nov-00,2,17
2-Nov-00,1,17
3-Nov-00,11,17
4-Nov-00,61,17
5-Nov-00,6,17
6-Nov-00,0,17
7-Nov-00,1,17
8-Nov-00,0,17
9-Nov-00,1,15
10-Nov-00,8,15
11-Nov-00,6,14
12-Nov-00,0,14
13-Nov-00,1,16
14-Nov-00,2,14
15-Nov-00,14,14
16-Nov-00,3,14
17-Nov-00,7,3
18-Nov-00,0,4
19-Nov-00,1,6
19-Mar-01,0,3
20-Mar-01,0,3
21-Mar-01,0,3
22-Mar-01,0,14
26-Mar-01,0,3
28-Mar-01,1,15
29-Mar-01,1,15
30-Mar-01,0,15
31-Mar-01,1,14
1-Apr-01,0,16
2-Apr-01,2,17
3-Apr-01,2,14
4-Apr-01,0,14
5-Apr-01,4,17
6-Apr-01,13,14
7-Apr-01,2,17
8-Apr-01,3,3
9-Apr-01,5,3
10-Apr-01,2,14
11-Apr-01,4,14
12-Apr-01,16,14
13-Apr-01,1,3
14-Apr-01,2,3
15-Apr-01,0,3
16-Apr-01,0,4
18-Apr-01,0,3
19-Apr-01,0,3
20-Apr-01,4,4
21-Apr-01,11,14
22-Apr-01,4,14
23-Apr-01,28,16
24-Apr-01,12,3
25-Apr-01,2,14
26-Apr-01,6,14
27-Apr-01,9,14
28-Apr-01,0,14
29-Apr-01,1,14
30-Apr-01,1,3
1-May-01,13,4
2-May-01,6,5
3-May-01,10,4
4-May-01,5,6
5-May-01,2,4
6-May-01,0,4
7-May-01,8,5
8-May-01,1,7
9-May-01,4,4
10-May-01,7,4
11-May-01,8,3
12-May-01,0,4
14-May-01,2,3
15-May-01,5,4
16-May-01,1,3
17-May-01,0,5
18-May-01,0,3
19-May-01,1,17
20-May-01,0,15
21-May-01,1,15
22-May-01,1,15
23-May-01,2,15
24-May-01,3,17
25-May-01,0,14
26-May-01,0,14
27-May-01,0,14
28-May-01,0,3
29-May-01,2,3
30-May-01,0,3
31-May-01,0,15
2-Jun-01,0,15
19-Aug-01,0,14
20-Aug-01,1,4
21-Aug-01,0,3
22-Aug-01,0,5
23-Aug-01,0,17
24-Aug-01,2,17
25-Aug-01,2,17
26-Aug-01,0,17
27-Aug-01,2,17
28-Aug-01,0,11
29-Aug-01,0,10
31-Aug-01,8,10
1-Sep-01,3,6
2-Sep-01,1,7
3-Sep-01,1,6
4-Sep-01,0,4
5-Sep-01,0,4
6-Sep-01,1,3
7-Sep-01,0,4
8-Sep-01,0,3
9-Sep-01,2,5
10-Sep-01,3,7
11-Sep-01,0,5
12-Sep-01,0,5
13-Sep-01,0,4
14-Sep-01,0,7
15-Sep-01,0,6
17-Sep-01,0,4
18-Sep-01,0,3
19-Sep-01,0,5
20-Sep-01,2,3
22-Sep-01,1,5
23-Sep-01,0,3
24-Sep-01,4,4
25-Sep-01,12,6
26-Sep-01,5,11
27-Sep-01,7,10
28-Sep-01,2,6
29-Sep-01,4,7
30-Sep-01,2,7
1-Oct-01,8,7
2-Oct-01,6,6
3-Oct-01,2,7
4-Oct-01,2,7
5-Oct-01,8,6
6-Oct-01,8,5
7-Oct-01,5,5
8-Oct-01,3,3
9-Oct-01,0,10
10-Oct-01,0,9
11-Oct-01,11,15
12-Oct-01,4,17
13-Oct-01,66,17
15-Oct-01,37,17
16-Oct-01,58,17
17-Oct-01,35,17
18-Oct-01,16,14
19-Oct-01,2,17
20-Oct-01,3,15
21-Oct-01,1,3
22-Oct-01,7,4
23-Oct-01,18,14
24-Oct-01,11,14
25-Oct-01,15,17
26-Oct-01,10,16
27-Oct-01,23,17
28-Oct-01,13,15
29-Oct-01,5,15
30-Oct-01,1,15
31-Oct-01,3,14
1-Nov-01,1,4
2-Nov-01,12,5
3-Nov-01,9,3
4-Nov-01,2,4
5-Nov-01,2,4
6-Nov-01,0,4
7-Nov-01,0,3
8-Nov-01,1,5
9-Nov-01,2,7
10-Nov-01,1,10
11-Nov-01,3,10
12-Nov-01,0,10
13-Nov-01,5,11
14-Nov-01,2,13
15-Nov-01,0,8
16-Nov-01,3,9
17-Nov-01,0,9
18-Nov-01,2,9
19-Nov-01,0,10
20-Nov-01,0,8
21-Nov-01,0,8
24-Nov-01,0,3
25-Nov-01,0,4
26-Nov-01,0,5
8-Mar-02,1,3
9-Mar-02,0,3
12-Mar-02,0,3
13-Mar-02,1,3
14-Mar-02,0,4
15-Mar-02,11,4
16-Mar-02,0,4
17-Mar-02,0,3
18-Mar-02,0,3
19-Mar-02,0,3
20-Mar-02,0,3
21-Mar-02,1,3
22-Mar-02,0,4
23-Mar-02,0,3
24-Mar-02,0,3
25-Mar-02,0,3
27-Mar-02,0,3
29-Mar-02,0,3
30-Mar-02,1,5
31-Mar-02,0,3
1-Apr-02,0,4
2-Apr-02,1,6
3-Apr-02,1,15
4-Apr-02,0,15
5-Apr-02,0,15
6-Apr-02,0,17
7-Apr-02,11,17
8-Apr-02,9,14
9-Apr-02,1,14
10-Apr-02,2,14
11-Apr-02,9,13
12-Apr-02,15,13
13-Apr-02,1,10
14-Apr-02,0,10
15-Apr-02,14,9
16-Apr-02,28,9
17-Apr-02,18,9
18-Apr-02,7,9
21-Apr-02,0,3
22-Apr-02,3,3
23-Apr-02,0,14
24-Apr-02,18,15
25-Apr-02,8,15
26-Apr-02,0,17
27-Apr-02,0,17
28-Apr-02,4,17
29-Apr-02,1,15
30-Apr-02,8,15
1-May-02,6,14
2-May-02,2,17
3-May-02,0,15
5-May-02,49,15
6-May-02,118,17
7-May-02,52,17
8-May-02,11,17
9-May-02,27,15
10-May-02,4,15
11-May-02,4,4
12-May-02,1,4
13-May-02,2,3
14-May-02,1,4
15-May-02,1,4
16-May-02,12,5
17-May-02,1,5
18-May-02,1,5
19-May-02,3,3
20-May-02,4,3
21-May-02,0,4
22-May-02,1,4
23-May-02,3,6
24-May-02,0,4
25-May-02,0,4
28-May-02,1,4
29-May-02,1,15
30-May-02,1,15
23-Aug-02,0,17
24-Aug-02,0,17
25-Aug-02,0,17
26-Aug-02,1,17
27-Aug-02,0,15
28-Aug-02,1,17
29-Aug-02,0,15
30-Aug-02,0,17
31-Aug-02,0,17
1-Sep-02,0,17
3-Sep-02,3,17
4-Sep-02,1,17
5-Sep-02,3,17
6-Sep-02,1,17
7-Sep-02,1,17
8-Sep-02,0,17
9-Sep-02,0,17
10-Sep-02,49,17
11-Sep-02,19,17
12-Sep-02,6,17
13-Sep-02,5,17
14-Sep-02,3,17
15-Sep-02,2,17
16-Sep-02,5,15
17-Sep-02,4,15
18-Sep-02,1,15
19-Sep-02,0,15
20-Sep-02,0,15
21-Sep-02,37,15
22-Sep-02,28,14
23-Sep-02,8,17
24-Sep-02,6,17
25-Sep-02,4,13
26-Sep-02,3,13
27-Sep-02,10,13
28-Sep-02,5,13
29-Sep-02,8,11
30-Sep-02,2,11
1-Oct-02,0,13
2-Oct-02,5,15
3-Oct-02,2,13
4-Oct-02,2,14
5-Oct-02,45,13
6-Oct-02,41,11
7-Oct-02,41,13
8-Oct-02,15,13
9-Oct-02,9,11
10-Oct-02,15,11
11-Oct-02,13,11
12-Oct-02,51,11
13-Oct-02,64,11
14-Oct-02,29,13
15-Oct-02,2,13
16-Oct-02,70,13
17-Oct-02,28,13
18-Oct-02,2,11
19-Oct-02,5,11
20-Oct-02,4,10
21-Oct-02,2,5
22-Oct-02,4,11
23-Oct-02,16,13
24-Oct-02,3,13
25-Oct-02,4,10
26-Oct-02,4,13
27-Oct-02,17,13
28-Oct-02,9,11
29-Oct-02,0,13
30-Oct-02,3,17
31-Oct-02,1,17
1-Nov-02,16,14
2-Nov-02,3,17
3-Nov-02,15,17
4-Nov-02,2,17
5-Nov-02,3,17
7-Nov-02,3,17
8-Nov-02,2,17
9-Nov-02,0,15
10-Nov-02,1,14
11-Nov-02,0,14
12-Nov-02,2,15
13-Nov-02,2,17
14-Nov-02,4,14
15-Nov-02,0,15
16-Nov-02,0,9
17-Nov-02,0,12
12-Mar-03,0,11
14-Mar-03,0,14
15-Mar-03,0,14
17-Mar-03,6,16
18-Mar-03,2,4
19-Mar-03,0,4
20-Mar-03,1,4
21-Mar-03,1,4
22-Mar-03,0,4
23-Mar-03,6,5
24-Mar-03,4,6
25-Mar-03,1,6
26-Mar-03,0,6
27-Mar-03,0,7
28-Mar-03,11,7
29-Mar-03,5,7
30-Mar-03,4,7
31-Mar-03,2,6
1-Apr-03,1,6
2-Apr-03,7,7
3-Apr-03,1,6
4-Apr-03,0,3
5-Apr-03,0,14
6-Apr-03,1,16
8-Apr-03,0,14
9-Apr-03,0,14
10-Apr-03,0,14
11-Apr-03,0,14
12-Apr-03,0,14
13-Apr-03,0,16
14-Apr-03,3,14
15-Apr-03,12,3
16-Apr-03,12,3
17-Apr-03,2,14
18-Apr-03,0,3
19-Apr-03,1,6
20-Apr-03,6,3
21-Apr-03,12,4
22-Apr-03,2,3
23-Apr-03,0,8
24-Apr-03,1,8
25-Apr-03,1,8
26-Apr-03,0,8
27-Apr-03,0,11
28-Apr-03,11,11
29-Apr-03,2,11
30-Apr-03,6,11
1-May-03,9,8
2-May-03,1,8
3-May-03,0,5
4-May-03,0,7
5-May-03,0,9
6-May-03,7,3
7-May-03,4,5
8-May-03,1,6
9-May-03,1,4
10-May-03,72,16
11-May-03,57,16
12-May-03,25,17
13-May-03,8,17
14-May-03,5,17
15-May-03,4,17
16-May-03,2,17
17-May-03,1,17
18-May-03,0,15
19-May-03,0,15
20-May-03,6,17
21-May-03,1,17
22-May-03,0,17
23-May-03,1,17
24-May-03,1,3
25-May-03,0,3
26-May-03,0,6
27-May-03,0,17
28-May-03,4,6
29-May-03,5,6
30-May-03,3,5
31-May-03,0,5
18-Aug-03,0,4
19-Aug-03,0,4
20-Aug-03,0,4
21-Aug-03,0,4
22-Aug-03,0,4
23-Aug-03,0,14
24-Aug-03,0,14
25-Aug-03,0,14
26-Aug-03,1,7
27-Aug-03,11,5
28-Aug-03,0,5
29-Aug-03,0,3
30-Aug-03,0,3
31-Aug-03,0,3
1-Sep-03,0,3
2-Sep-03,3,17
2-Sep-03,3,3
3-Sep-03,1,14
4-Sep-03,12,14
5-Sep-03,1,10
6-Sep-03,1,7
7-Sep-03,1,5
8-Sep-03,5,6
9-Sep-03,1,4
10-Sep-03,1,16
12-Sep-03,1,17
13-Sep-03,0,16
14-Sep-03,3,17
15-Sep-03,25,17
16-Sep-03,12,16
17-Sep-03,8,17
18-Sep-03,1,14
19-Sep-03,4,17
20-Sep-03,7,7
21-Sep-03,8,7
22-Sep-03,1,7
23-Sep-03,7,7
24-Sep-03,5,7
28-Sep-03,3,4
29-Sep-03,15,6
30-Sep-03,4,4
1-Oct-03,15,6
2-Oct-03,3,6
3-Oct-03,4,6
4-Oct-03,9,4
5-Oct-03,1,3
6-Oct-03,5,3
7-Oct-03,1,3
8-Oct-03,12,14
9-Oct-03,4,15
10-Oct-03,5,5
11-Oct-03,10,15
12-Oct-03,14,13
13-Oct-03,33,13
14-Oct-03,9,12
15-Oct-03,74,13
16-Oct-03,23,12
17-Oct-03,18,14
18-Oct-03,3,14
19-Oct-03,8,14
20-Oct-03,2,14
21-Oct-03,35,15
22-Oct-03,13,15
23-Oct-03,9,15
24-Oct-03,11,12
25-Oct-03,1,12
26-Oct-03,3,3
27-Oct-03,1,3
28-Oct-03,1,5
29-Oct-03,0,15
30-Oct-03,0,15
31-Oct-03,0,15
1-Nov-03,3,17
2-Nov-03,6,14
3-Nov-03,1,14
4-Nov-03,2,14
5-Nov-03,3,17
7-Nov-03,5,17
9-Nov-03,1,14
10-Nov-03,1,11
11-Nov-03,1,11
12-Nov-03,1,13
13-Nov-03,4,13
14-Nov-03,3,13
15-Nov-03,0,13
16-Nov-03,0,14
18-Nov-03,0,13
19-Nov-03,0,13
20-Nov-03,1,13
21-Nov-03,0,8
22-Nov-03,0,8
23-Nov-03,0,8
27-Feb-04,0,3
28-Feb-04,0,3
29-Feb-04,0,3
1-Mar-04,0,3
2-Mar-04,0,3
3-Mar-04,0,3
4-Mar-04,0,3
5-Mar-04,0,3
6-Mar-04,0,3
7-Mar-04,0,3
8-Mar-04,0,3
9-Mar-04,0,3
10-Mar-04,0,3
11-Mar-04,0,10
12-Mar-04,2,14
13-Mar-04,0,14
14-Mar-04,1,14
18-Mar-04,0,16
19-Mar-04,0,16
20-Mar-04,35,17
21-Mar-04,80,16
22-Mar-04,10,16
23-Mar-04,0,16
24-Mar-04,9,16
25-Mar-04,4,17
26-Mar-04,8,16
27-Mar-04,1,16
28-Mar-04,3,13
29-Mar-04,1,15
30-Mar-04,1,14
31-Mar-04,1,14
4-Apr-04,0,15
5-Apr-04,0,15
6-Apr-04,9,15
7-Apr-04,1,17
8-Apr-04,3,17
9-Apr-04,0,17
10-Apr-04,0,15
11-Apr-04,0,15
12-Apr-04,0,15
13-Apr-04,0,15
14-Apr-04,0,7
15-Apr-04,1,5
16-Apr-04,2,5
17-Apr-04,7,6
18-Apr-04,1,3
19-Apr-04,9,4
20-Apr-04,0,4
21-Apr-04,9,4
22-Apr-04,4,4
23-Apr-04,1,9
24-Apr-04,1,9
25-Apr-04,0,6
26-Apr-04,3,13
27-Apr-04,2,12
28-Apr-04,9,13
29-Apr-04,53,11
30-Apr-04,30,6
1-May-04,5,9
2-May-04,3,10
3-May-04,3,12
4-May-04,3,13
5-May-04,2,10
6-May-04,22,10
7-May-04,7,9
8-May-04,5,14
9-May-04,29,14
10-May-04,29,12
11-May-04,2,3
12-May-04,18,14
13-May-04,14,11
14-May-04,8,14
15-May-04,1,14
16-May-04,1,14
17-May-04,9,14
18-May-04,21,15
19-May-04,4,14
20-May-04,18,14
21-May-04,4,14
22-May-04,0,14
23-May-04,3,15
24-May-04,1,3
25-May-04,0,4
28-May-04,1,3
29-May-04,0,3
30-May-04,0,3
31-May-04,1,3
19-Aug-04,0,9
20-Aug-04,0,9
21-Aug-04,0,9
23-Aug-04,1,9
24-Aug-04,0,6
25-Aug-04,0,10
26-Aug-04,0,10
27-Aug-04,0,7
28-Aug-04,6,17
29-Aug-04,4,15
30-Aug-04,0,15
31-Aug-04,2,17
1-Sep-04,5,17
2-Sep-04,0,17
3-Sep-04,0,17
4-Sep-04,5,17
5-Sep-04,0,17
6-Sep-04,2,17
7-Sep-04,1,17
8-Sep-04,1,17
9-Sep-04,5,17
10-Sep-04,2,17
11-Sep-04,1,17
13-Sep-04,18,17
14-Sep-04,5,17
15-Sep-04,4,17
16-Sep-04,12,17
17-Sep-04,15,17
18-Sep-04,3,17
19-Sep-04,4,15
20-Sep-04,3,15
21-Sep-04,4,17
22-Sep-04,14,15
23-Sep-04,10,15
24-Sep-04,3,15
25-Sep-04,23,14
26-Sep-04,24,14
27-Sep-04,21,16
28-Sep-04,12,16
30-Sep-04,12,17
1-Oct-04,5,17
2-Oct-04,14,14
3-Oct-04,3,14
4-Oct-04,3,14
5-Oct-04,40,14
6-Oct-04,8,14
7-Oct-04,5,16
8-Oct-04,3,17
9-Oct-04,6,17
10-Oct-04,3,14
11-Oct-04,47,14
12-Oct-04,20,15
13-Oct-04,10,15
14-Oct-04,10,17
15-Oct-04,2,17
16-Oct-04,4,17
17-Oct-04,8,15
18-Oct-04,0,15
19-Oct-04,11,16
20-Oct-04,15,17
21-Oct-04,17,17
22-Oct-04,3,17
23-Oct-04,3,3
24-Oct-04,7,14
25-Oct-04,7,10
26-Oct-04,23,17
27-Oct-04,8,17
28-Oct-04,1,17
29-Oct-04,0,17
30-Oct-04,2,16
31-Oct-04,5,14
1-Nov-04,1,14
2-Nov-04,2,14
3-Nov-04,19,14
4-Nov-04,2,14
5-Nov-04,28,15
6-Nov-04,4,15
7-Nov-04,3,17
8-Nov-04,4,17
9-Nov-04,0,17
10-Nov-04,0,17
11-Nov-04,1,17
12-Nov-04,1,17
14-Nov-04,1,17
15-Nov-04,0,17
19-Nov-04,1,14
20-Nov-04,0,10
21-Nov-04,1,11
22-Nov-04,0,10
4-Mar-05,0,14
6-Mar-05,0,14
7-Mar-05,7,13
19-Mar-05,3,17
20-Mar-05,0,14
24-Mar-05,1,16
25-Mar-05,0,4
26-Mar-05,0,4
28-Mar-05,1,3
29-Mar-05,1,4
31-Mar-05,10,15
1-Apr-05,1,15
2-Apr-05,0,14
3-Apr-05,0,14
4-Apr-05,4,15
5-Apr-05,6,17
6-Apr-05,12,17
7-Apr-05,3,17
8-Apr-05,1,17
9-Apr-05,2,17
10-Apr-05,1,3
11-Apr-05,2,3
12-Apr-05,3,17
13-Apr-05,0,6
14-Apr-05,0,17
15-Apr-05,1,16
16-Apr-05,2,17
17-Apr-05,0,17
18-Apr-05,8,17
19-Apr-05,12,17
20-Apr-05,10,17
21-Apr-05,1,14
22-Apr-05,2,14
23-Apr-05,1,14
24-Apr-05,0,14
25-Apr-05,0,14
26-Apr-05,1,3
27-Apr-05,0,3
28-Apr-05,0,3
29-Apr-05,2,3
30-Apr-05,3,4
1-May-05,1,4
2-May-05,0,3
3-May-05,0,3
4-May-05,3,4
5-May-05,11,4
6-May-05,6,4
7-May-05,33,4
8-May-05,13,15
9-May-05,11,5
10-May-05,12,15
11-May-05,9,15
12-May-05,1,17
13-May-05,9,17
14-May-05,26,17
15-May-05,15,17
16-May-05,5,17
17-May-05,8,17
18-May-05,10,16
19-May-05,7,16
20-May-05,3,16
21-May-05,4,17
22-May-05,9,14
23-May-05,4,13
24-May-05,2,13
25-May-05,1,13
26-May-05,1,14
27-May-05,3,15
28-May-05,5,15
29-May-05,5,3
30-May-05,1,4
31-May-05,0,3
1-Jun-05,0,5
3-Jun-05,0,14
29-Aug-05,14,15
30-Aug-05,4,4
31-Aug-05,5,6
1-Sep-05,7,6
2-Sep-05,2,6
3-Sep-05,19,6
4-Sep-05,11,6
5-Sep-05,2,6
6-Sep-05,3,6
8-Sep-05,21,6
9-Sep-05,1,6
10-Sep-05,1,6
11-Sep-05,2,6
13-Sep-05,7,17
14-Sep-05,122,16
15-Sep-05,15,16
16-Sep-05,5,17
17-Sep-05,0,3
18-Sep-05,8,4
20-Sep-05,27,15
21-Sep-05,7,17
22-Sep-05,2,17
23-Sep-05,16,15
24-Sep-05,12,15
25-Sep-05,10,17
26-Sep-05,4,17
27-Sep-05,29,17
28-Sep-05,11,17
29-Sep-05,20,17
30-Sep-05,11,15
1-Oct-05,3,14
2-Oct-05,5,16
3-Oct-05,1,17
4-Oct-05,5,17
5-Oct-05,9,17
6-Oct-05,16,15
7-Oct-05,47,3
8-Oct-05,234,5
9-Oct-05,180,4
10-Oct-05,34,4
11-Oct-05,22,5
12-Oct-05,10,3
13-Oct-05,5,3
14-Oct-05,12,4
15-Oct-05,72,9
16-Oct-05,40,8
17-Oct-05,7,10
18-Oct-05,11,8
19-Oct-05,2,16
20-Oct-05,8,16
21-Oct-05,9,14
22-Oct-05,1,14
23-Oct-05,6,14
24-Oct-05,19,14
25-Oct-05,21,17
26-Oct-05,11,17
27-Oct-05,7,17
28-Oct-05,12,17
29-Oct-05,3,17
30-Oct-05,1,3
31-Oct-05,0,17
1-Nov-05,9,14
2-Nov-05,3,17
3-Nov-05,0,12
4-Nov-05,2,13
5-Nov-05,10,13
6-Nov-05,2,12
7-Nov-05,3,12
8-Nov-05,3,10
9-Nov-05,2,10
14-Nov-05,2,14
17-Nov-05,0,17
18-Nov-05,0,16
8-Mar-06,4,15
9-Mar-06,1,17
10-Mar-06,0,17
11-Mar-06,7,17
12-Mar-06,3,15
13-Mar-06,4,15
14-Mar-06,17,14
15-Mar-06,1,12
16-Mar-06,0,12
17-Mar-06,0,12
18-Mar-06,1,10
19-Mar-06,0,10
20-Mar-06,0,13
21-Mar-06,0,3
22-Mar-06,0,15
23-Mar-06,0,7
24-Mar-06,0,4
25-Mar-06,0,5
26-Mar-06,0,3
27-Mar-06,1,3
28-Mar-06,0,3
29-Mar-06,0,16
30-Mar-06,28,15
31-Mar-06,34,14
1-Apr-06,32,14
2-Apr-06,7,17
3-Apr-06,17,16
4-Apr-06,5,17
5-Apr-06,2,14
6-Apr-06,17,9
7-Apr-06,11,9
8-Apr-06,3,9
9-Apr-06,2,9
10-Apr-06,9,9
11-Apr-06,14,9
12-Apr-06,13,9
13-Apr-06,1,9
14-Apr-06,14,9
15-Apr-06,3,9
16-Apr-06,2,9
17-Apr-06,3,3
19-Apr-06,3,4
20-Apr-06,8,6
21-Apr-06,5,7
22-Apr-06,6,12
23-Apr-06,2,10
24-Apr-06,1,9
26-Apr-06,7,9
27-Apr-06,6,12
28-Apr-06,3,16
29-Apr-06,25,16
30-Apr-06,8,17
1-May-06,26,17
2-May-06,12,15
3-May-06,40,14
4-May-06,57,14
5-May-06,10,7
6-May-06,8,8
7-May-06,8,4
8-May-06,5,3
9-May-06,11,4
10-May-06,36,3
11-May-06,1,4
12-May-06,3,14
13-May-06,1,14
14-May-06,3,17
15-May-06,2,17
16-May-06,9,15
17-May-06,12,15
18-May-06,11,15
19-May-06,17,15
20-May-06,18,5
21-May-06,8,5
22-May-06,11,6
23-May-06,2,6
25-May-06,4,6
26-May-06,6,16
27-May-06,1,17
28-May-06,4,14
2-Jun-06,0,3
18-Aug-06,0,14
21-Aug-06,5,17
22-Aug-06,6,8
23-Aug-06,6,17
24-Aug-06,0,13
25-Aug-06,3,16
26-Aug-06,3,16
27-Aug-06,2,13
28-Aug-06,38,13
29-Aug-06,2,16
30-Aug-06,44,16
31-Aug-06,9,16
1-Sep-06,6,16
2-Sep-06,3,13
3-Sep-06,9,13
4-Sep-06,4,13
5-Sep-06,20,13
6-Sep-06,31,17
7-Sep-06,9,17
8-Sep-06,12,17
9-Sep-06,8,17
10-Sep-06,11,17
11-Sep-06,4,17
12-Sep-06,10,17
13-Sep-06,8,17
14-Sep-06,110,17
15-Sep-06,26,17
17-Sep-06,10,17
18-Sep-06,51,15
19-Sep-06,31,15
20-Sep-06,73,15
21-Sep-06,75,15
22-Sep-06,8,15
23-Sep-06,7,12
24-Sep-06,32,12
25-Sep-06,77,12
26-Sep-06,121,10
27-Sep-06,34,11
28-Sep-06,45,10
29-Sep-06,18,15
30-Sep-06,4,16
1-Oct-06,124,14
2-Oct-06,33,14
3-Oct-06,5,14
4-Oct-06,19,14
5-Oct-06,155,16
6-Oct-06,25,14
7-Oct-06,11,16
8-Oct-06,12,16
9-Oct-06,41,17
10-Oct-06,33,16
11-Oct-06,11,16
12-Oct-06,23,17
13-Oct-06,4,14
14-Oct-06,8,17
15-Oct-06,38,16
16-Oct-06,18,16
17-Oct-06,9,14
18-Oct-06,10,16
19-Oct-06,18,14
20-Oct-06,30,15
21-Oct-06,8,15
22-Oct-06,10,12
23-Oct-06,40,12
24-Oct-06,51,17
25-Oct-06,33,15
26-Oct-06,17,15
27-Oct-06,3,17
28-Oct-06,23,17
29-Oct-06,68,17
30-Oct-06,18,17
31-Oct-06,9,17
1-Nov-06,13,17
2-Nov-06,10,17
3-Nov-06,5,17
4-Nov-06,0,17
5-Nov-06,4,17
6-Nov-06,0,15
7-Nov-06,0,15
8-Nov-06,6,14
9-Nov-06,12,4
10-Nov-06,11,4
11-Nov-06,1,4
12-Nov-06,5,7
13-Nov-06,0,7
15-Nov-06,6,4
16-Nov-06,0,7
17-Nov-06,4,5
18-Nov-06,1,5
19-Nov-06,0,5
20-Nov-06,1,5
22-Nov-06,1,5
23-Nov-06,2,7
24-Nov-06,2,7
25-Nov-06,0,7
26-Nov-06,1,7
9-Mar-07,4,17
10-Mar-07,3,17
11-Mar-07,1,16
12-Mar-07,32,14
13-Mar-07,24,14
14-Mar-07,27,14
15-Mar-07,3,14
16-Mar-07,0,11
17-Mar-07,1,11
18-Mar-07,3,11
19-Mar-07,9,13
20-Mar-07,0,13
21-Mar-07,0,11
22-Mar-07,18,14
23-Mar-07,9,14
24-Mar-07,2,14
25-Mar-07,26,17
26-Mar-07,44,17
27-Mar-07,32,17
28-Mar-07,8,17
29-Mar-07,6,17
30-Mar-07,17,3
31-Mar-07,2,14
1-Apr-07,1,3
2-Apr-07,4,3
3-Apr-07,22,14
4-Apr-07,6,3
5-Apr-07,6,3
6-Apr-07,3,3
7-Apr-07,3,3
8-Apr-07,0,3
9-Apr-07,1,3
10-Apr-07,0,3
11-Apr-07,8,14
12-Apr-07,0,15
13-Apr-07,0,9
14-Apr-07,2,9
15-Apr-07,3,4
16-Apr-07,0,3
17-Apr-07,4,10
18-Apr-07,6,8
19-Apr-07,1,9
20-Apr-07,7,11
21-Apr-07,17,12
20-May-07,30,15
21-May-07,6,15
22-May-07,5,4
23-May-07,9,4
24-May-07,13,15
25-May-07,4,5
26-May-07,5,5
27-May-07,9,5
28-May-07,9,5
29-May-07,2,5
30-May-07,4,4
16-Aug-07,0,11
17-Aug-07,0,4
18-Aug-07,0,3
20-Aug-07,0,4
21-Aug-07,0,3
22-Aug-07,1,4
23-Aug-07,7,3
24-Aug-07,7,4
25-Aug-07,12,4
26-Aug-07,31,3
27-Aug-07,4,4
28-Aug-07,1,3
29-Aug-07,4,4
29-Aug-07,4,3
30-Aug-07,5,4
31-Aug-07,5,9
1-Sep-07,2,9
2-Sep-07,3,9
3-Sep-07,44,11
4-Sep-07,38,11
5-Sep-07,14,9
6-Sep-07,8,10
7-Sep-07,2,10
8-Sep-07,16,12
9-Sep-07,16,9
10-Sep-07,17,9
11-Sep-07,8,9
12-Sep-07,19,12
13-Sep-07,6,9
14-Sep-07,9,14
15-Sep-07,23,14
16-Sep-07,14,17
17-Sep-07,2,17
18-Sep-07,1,17
19-Sep-07,7,17
20-Sep-07,80,17
21-Sep-07,29,16
22-Sep-07,19,14
23-Sep-07,34,16
24-Sep-07,7,14
25-Sep-07,4,17
26-Sep-07,55,17
27-Sep-07,48,17
28-Sep-07,45,17
29-Sep-07,21,14
30-Sep-07,12,16
1-Oct-07,4,14
2-Oct-07,8,14
3-Oct-07,25,7
4-Oct-07,29,16
5-Oct-07,26,14
6-Oct-07,15,17
7-Oct-07,12,14
8-Oct-07,26,14
9-Oct-07,190,14
10-Oct-07,100,14
11-Oct-07,63,17
12-Oct-07,63,17
13-Oct-07,47,15
14-Oct-07,22,15
15-Oct-07,23,14
16-Oct-07,10,14
17-Oct-07,10,14
18-Oct-07,11,14
19-Oct-07,2,14
20-Oct-07,32,16
21-Oct-07,21,16
22-Oct-07,145,15
23-Oct-07,89,16
24-Oct-07,73,17
25-Oct-07,28,17
26-Oct-07,13,16
27-Oct-07,3,16
28-Oct-07,23,16
29-Oct-07,11,17
30-Oct-07,3,17
31-Oct-07,2,17
1-Nov-07,18,17
2-Nov-07,3,14
3-Nov-07,5,17
4-Nov-07,9,17
5-Nov-07,2,14
6-Nov-07,13,16
7-Nov-07,7,17
8-Nov-07,1,17
9-Nov-07,1,16
10-Nov-07,1,16
11-Nov-07,0,16
12-Nov-07,2,16
13-Nov-07,1,16
14-Nov-07,0,16
15-Nov-07,1,16
16-Nov-07,7,16
17-Nov-07,2,14
18-Nov-07,0,7
19-Nov-07,0,7
20-Nov-07,0,7
21-Nov-07,3,7
22-Nov-07,0,7
4-Mar-08,3,4
5-Mar-08,0,4
6-Mar-08,0,14
7-Mar-08,0,15
10-Mar-08,0,12
11-Mar-08,0,15
12-Mar-08,0,15
13-Mar-08,4,16
14-Mar-08,0,15
15-Mar-08,0,15
16-Mar-08,0,15
17-Mar-08,0,15
18-Mar-08,1,15
19-Mar-08,0,15
20-Mar-08,0,15
21-Mar-08,0,15
23-Mar-08,0,12
24-Mar-08,1,12
25-Mar-08,2,12
26-Mar-08,2,12
27-Mar-08,2,12
28-Mar-08,0,3
29-Mar-08,0,3
30-Mar-08,0,3
31-Mar-08,2,3
1-Apr-08,3,6
2-Apr-08,0,6
3-Apr-08,13,6
4-Apr-08,2,12
5-Apr-08,3,12
7-Apr-08,34,13
8-Apr-08,10,13
9-Apr-08,14,15
10-Apr-08,5,15
11-Apr-08,11,15
12-Apr-08,9,15
13-Apr-08,0,15
14-Apr-08,2,15
15-Apr-08,0,15
16-Apr-08,11,12
17-Apr-08,13,13
18-Apr-08,7,4
19-Apr-08,8,4
20-Apr-08,4,4
21-Apr-08,6,4
22-Apr-08,6,4
23-Apr-08,12,7
24-Apr-08,12,14
25-Apr-08,52,14
26-Apr-08,25,14
27-Apr-08,6,15
28-Apr-08,7,14
29-Apr-08,3,14
30-Apr-08,4,14
1-May-08,40,14
2-May-08,35,14
3-May-08,33,16
4-May-08,6,13
5-May-08,44,14
6-May-08,30,15
7-May-08,98,17
8-May-08,2,17
9-May-08,7,17
10-May-08,6,4
11-May-08,10,6
12-May-08,16,4
13-May-08,13,7
14-May-08,33,10
15-May-08,5,8
16-May-08,0,7
17-May-08,48,7
18-May-08,16,7
19-May-08,7,7
20-May-08,4,7
21-May-08,4,4
22-May-08,12,4
23-May-08,4,4
24-May-08,3,4
25-May-08,6,4
26-May-08,7,4
27-May-08,5,4
28-May-08,0,4
29-May-08,4,4
30-May-08,4,6
31-May-08,4,7
11-Aug-08,0,5
12-Aug-08,0,5
13-Aug-08,0,5
14-Aug-08,0,4
15-Aug-08,0,7
16-Aug-08,0,4
18-Aug-08,0,4
19-Aug-08,0,4
20-Aug-08,0,4
21-Aug-08,0,4
22-Aug-08,0,4
23-Aug-08,0,4
24-Aug-08,5,4
25-Aug-08,6,4
26-Aug-08,6,17
27-Aug-08,3,17
28-Aug-08,4,17
29-Aug-08,3,17
30-Aug-08,30,17
31-Aug-08,17,17
1-Sep-08,8,17
2-Sep-08,4,17
3-Sep-08,8,17
4-Sep-08,24,14
5-Sep-08,6,17
6-Sep-08,46,17
7-Sep-08,77,17
8-Sep-08,73,17
9-Sep-08,43,17
10-Sep-08,30,17
11-Sep-08,8,17
12-Sep-08,3,17
13-Sep-08,0,17
14-Sep-08,28,17
15-Sep-08,41,17
16-Sep-08,51,17
17-Sep-08,43,17
19-Sep-08,14,14
20-Sep-08,23,17
21-Sep-08,86,17
22-Sep-08,30,17
23-Sep-08,7,17
24-Sep-08,16,17
25-Sep-08,177,17
26-Sep-08,37,15
27-Sep-08,52,14
28-Sep-08,76,14
29-Sep-08,48,4
30-Sep-08,33,17
1-Oct-08,28,14
2-Oct-08,29,17
3-Oct-08,57,17
4-Oct-08,91,17
5-Oct-08,53,17
6-Oct-08,5,17
7-Oct-08,25,17
8-Oct-08,13,17
9-Oct-08,60,4
10-Oct-08,104,4
11-Oct-08,43,4
12-Oct-08,35,4
13-Oct-08,18,4
14-Oct-08,6,4
15-Oct-08,94,4
16-Oct-08,114,4
17-Oct-08,89,4
18-Oct-08,29,17
19-Oct-08,22,17
20-Oct-08,9,15
21-Oct-08,43,15
22-Oct-08,18,15
23-Oct-08,8,14
24-Oct-08,4,14
25-Oct-08,3,14
26-Oct-08,9,17
27-Oct-08,17,17
28-Oct-08,9,17
29-Oct-08,20,17
30-Oct-08,17,17
31-Oct-08,0,17
1-Nov-08,11,15
2-Nov-08,18,15
3-Nov-08,6,15
4-Nov-08,3,15
5-Nov-08,2,17
6-Nov-08,5,15
7-Nov-08,2,15
8-Nov-08,2,17
10-Nov-08,17,17
11-Nov-08,4,17
12-Nov-08,2,17
13-Nov-08,0,17
14-Nov-08,1,17
15-Nov-08,6,17
16-Nov-08,16,15
17-Nov-08,3,17
18-Nov-08,1,17
19-Nov-08,2,17
5-Mar-09,0,6
6-Mar-09,0,6
10-Mar-09,0,5
11-Mar-09,0,15
12-Mar-09,0,14
13-Mar-09,0,15
14-Mar-09,1,14
15-Mar-09,0,14
17-Mar-09,8,14
18-Mar-09,8,14
19-Mar-09,2,17
20-Mar-09,1,17
21-Mar-09,6,17
22-Mar-09,11,15
23-Mar-09,2,15
24-Mar-09,2,15
25-Mar-09,21,15
26-Mar-09,5,16
27-Mar-09,4,15
28-Mar-09,2,15
29-Mar-09,1,12
30-Mar-09,1,12
31-Mar-09,4,12
1-Apr-09,1,9
2-Apr-09,16,9
4-Apr-09,2,9
5-Apr-09,6,10
6-Apr-09,0,17
7-Apr-09,3,6
8-Apr-09,1,6
9-Apr-09,0,4
10-Apr-09,1,4
11-Apr-09,2,4
12-Apr-09,2,4
13-Apr-09,8,4
14-Apr-09,2,4
15-Apr-09,0,4
16-Apr-09,5,5
17-Apr-09,17,4
18-Apr-09,9,9
19-Apr-09,21,9
20-Apr-09,5,9
21-Apr-09,1,4
22-Apr-09,3,4
23-Apr-09,4,4
24-Apr-09,39,4
25-Apr-09,46,6
26-Apr-09,19,4
27-Apr-09,78,4
28-Apr-09,10,14
29-Apr-09,15,14
30-Apr-09,7,14
1-May-09,20,14
2-May-09,11,16
3-May-09,25,14
4-May-09,18,9
5-May-09,12,10
6-May-09,29,10
7-May-09,32,10
8-May-09,48,10
9-May-09,68,10
10-May-09,17,4
11-May-09,6,4
12-May-09,4,4
13-May-09,23,4
14-May-09,30,4
15-May-09,35,5
16-May-09,20,5
17-May-09,18,5
18-May-09,14,5
19-May-09,21,5
20-May-09,19,5
21-May-09,18,5
22-May-09,8,4
23-May-09,4,4
24-May-09,8,4
25-May-09,8,4
26-May-09,1,4
27-May-09,10,4
28-May-09,10,4
29-May-09,9,4
30-May-09,7,4
31-May-09,3,4
14-Aug-09,0,4
15-Aug-09,1,4
16-Aug-09,0,4
17-Aug-09,0,4
18-Aug-09,0,4
19-Aug-09,1,4
20-Aug-09,2,4
21-Aug-09,0,4
22-Aug-09,3,5
23-Aug-09,4,5
24-Aug-09,5,5
25-Aug-09,0,5
26-Aug-09,0,5
27-Aug-09,3,5
28-Aug-09,1,5
29-Aug-09,10,5
30-Aug-09,11,5
31-Aug-09,29,4
1-Sep-09,7,4
2-Sep-09,5,4
3-Sep-09,4,4
4-Sep-09,4,4
5-Sep-09,14,4
6-Sep-09,23,4
7-Sep-09,16,4
8-Sep-09,8,4
9-Sep-09,13,4
10-Sep-09,17,4
11-Sep-09,6,4
12-Sep-09,17,4
13-Sep-09,23,4
14-Sep-09,46,5
15-Sep-09,37,14
16-Sep-09,14,17
17-Sep-09,14,17
18-Sep-09,13,14
18-Sep-09,13,17
19-Sep-09,33,17
20-Sep-09,15,17
21-Sep-09,7,17
22-Sep-09,12,17
23-Sep-09,19,14
24-Sep-09,151,7
25-Sep-09,45,4
26-Sep-09,20,4
27-Sep-09,72,4
28-Sep-09,25,4
29-Sep-09,29,4
30-Sep-09,56,4
1-Oct-09,57,4
2-Oct-09,10,4
3-Oct-09,14,4
4-Oct-09,38,4
5-Oct-09,34,4
6-Oct-09,9,4
7-Oct-09,12,4
8-Oct-09,13,4
9-Oct-09,13,4
10-Oct-09,103,17
11-Oct-09,22,17
12-Oct-09,43,14
13-Oct-09,22,12
14-Oct-09,100,11
15-Oct-09,23,12
16-Oct-09,19,12
17-Oct-09,82,10
18-Oct-09,50,11
19-Oct-09,21,4
20-Oct-09,37,4
21-Oct-09,17,4
22-Oct-09,9,4
23-Oct-09,9,4
24-Oct-09,17,4
25-Oct-09,50,4
26-Oct-09,26,7
27-Oct-09,72,7
28-Oct-09,51,4
29-Oct-09,90,3
30-Oct-09,17,3
31-Oct-09,19,3
1-Nov-09,141,3
2-Nov-09,23,3
3-Nov-09,57,10
4-Nov-09,8,3
5-Nov-09,13,17
6-Nov-09,6,16
7-Nov-09,4,17
8-Nov-09,19,17
9-Nov-09,7,17
10-Nov-09,8,16
11-Nov-09,9,16
12-Nov-09,2,17
13-Nov-09,2,3
14-Nov-09,8,3
15-Nov-09,2,3
16-Nov-09,3,3
17-Nov-09,1,5
18-Nov-09,2,4
19-Nov-09,0,17
20-Nov-09,7,10
7-Mar-10,0,13
8-Mar-10,1,13
9-Mar-10,2,13
10-Mar-10,4,15
11-Mar-10,14,15
12-Mar-10,16,14
13-Mar-10,1,14
14-Mar-10,0,14
15-Mar-10,0,14
16-Mar-10,1,14
17-Mar-10,0,14
18-Mar-10,3,14
19-Mar-10,10,14
20-Mar-10,0,12
21-Mar-10,0,12
22-Mar-10,0,12
23-Mar-10,2,11
24-Mar-10,3,4
25-Mar-10,5,4
26-Mar-10,2,4
27-Mar-10,0,4
28-Mar-10,0,4
29-Mar-10,2,4
30-Mar-10,2,4
31-Mar-10,13,4
1-Apr-10,10,4
2-Apr-10,12,4
3-Apr-10,15,4
4-Apr-10,5,4
5-Apr-10,6,4
6-Apr-10,22,4
7-Apr-10,9,4
8-Apr-10,2,4
9-Apr-10,3,4
10-Apr-10,10,4
11-Apr-10,56,4
12-Apr-10,17,4
13-Apr-10,20,4
14-Apr-10,6,4
15-Apr-10,16,4
16-Apr-10,21,16
17-Apr-10,5,16
18-Apr-10,0,17
19-Apr-10,2,14
20-Apr-10,7,4
21-Apr-10,9,4
22-Apr-10,3,4
23-Apr-10,8,14
24-Apr-10,22,17
25-Apr-10,60,17
26-Apr-10,6,17
27-Apr-10,4,17
28-Apr-10,2,17
29-Apr-10,26,17
30-Apr-10,29,4
1-May-10,17,4
2-May-10,21,4
3-May-10,10,4
4-May-10,7,6
5-May-10,193,6
6-May-10,27,4
7-May-10,7,4
8-May-10,10,4
9-May-10,5,4
10-May-10,12,4
11-May-10,8,14
12-May-10,9,14
13-May-10,4,17
14-May-10,41,17
15-May-10,30,17
16-May-10,11,17
17-May-10,4,17
18-May-10,0,17
19-May-10,10,4
20-May-10,12,4
21-May-10,2,4
22-May-10,16,4
23-May-10,14,4
24-May-10,7,4
23-Aug-10,5,4
24-Aug-10,0,4
25-Aug-10,7,4
26-Aug-10,6,4
27-Aug-10,2,4
28-Aug-10,2,4
29-Aug-10,3,4
30-Aug-10,2,4
31-Aug-10,2,17
1-Sep-10,2,17
2-Sep-10,61,14
3-Sep-10,37,17
4-Sep-10,36,14
5-Sep-10,47,14
6-Sep-10,15,14
7-Sep-10,8,14
8-Sep-10,18,14
9-Sep-10,33,14
10-Sep-10,11,14
11-Sep-10,13,14
12-Sep-10,43,17
13-Sep-10,66,17
14-Sep-10,49,16
15-Sep-10,27,16
16-Sep-10,10,17
17-Sep-10,8,17
18-Sep-10,16,17
19-Sep-10,66,17
20-Sep-10,21,17
21-Sep-10,9,17
22-Sep-10,45,17
23-Sep-10,29,14
24-Sep-10,15,14
25-Sep-10,41,6
26-Sep-10,278,4
27-Sep-10,142,4
28-Sep-10,59,4
29-Sep-10,52,4
30-Sep-10,41,4
1-Oct-10,38,4
2-Oct-10,20,4
3-Oct-10,82,4
4-Oct-10,69,4
5-Oct-10,22,14
6-Oct-10,28,16
7-Oct-10,125,12
8-Oct-10,18,12
9-Oct-10,21,10
10-Oct-10,60,6
11-Oct-10,71,6
12-Oct-10,138,4
13-Oct-10,78,4
14-Oct-10,54,4
15-Oct-10,14,6
16-Oct-10,17,11
17-Oct-10,50,7
18-Oct-10,24,6
19-Oct-10,15,14
21-Oct-10,17,17
22-Oct-10,15,16
23-Oct-10,4,14
24-Oct-10,5,4
27-Oct-10,7,14
28-Oct-10,8,14
29-Oct-10,41,13
30-Oct-10,8,16
31-Oct-10,24,16
1-Nov-10,9,16
2-Nov-10,3,16
3-Nov-10,2,16
4-Nov-10,10,14
5-Nov-10,2,13
6-Nov-10,5,13
7-Nov-10,5,16
8-Nov-10,2,16
9-Nov-10,1,13
10-Nov-10,4,6
11-Nov-10,1,4
12-Nov-10,2,7
13-Nov-10,8,7
14-Nov-10,3,7
15-Nov-10,2,7
16-Nov-10,3,7
17-Nov-10,2,7
18-Nov-10,3,7
19-Nov-10,0,4
20-Nov-10,0,7
22-Nov-10,4,7
23-Nov-10,2,7
24-Nov-10,1,7
5-Mar-11,3,12
7-Mar-11,1,12
8-Mar-11,1,12
9-Mar-11,0,12
10-Mar-11,0,12
11-Mar-11,0,12
12-Mar-11,5,11
13-Mar-11,0,11
14-Mar-11,1,11
15-Mar-11,0,11
16-Mar-11,0,12
17-Mar-11,17,12
18-Mar-11,2,12
19-Mar-11,1,12
20-Mar-11,1,12
21-Mar-11,7,12
22-Mar-11,0,12
23-Mar-11,3,12
24-Mar-11,2,5
25-Mar-11,0,3
26-Mar-11,0,3
27-Mar-11,0,3
28-Mar-11,0,3
29-Mar-11,0,3
30-Mar-11,1,3
31-Mar-11,0,3
1-Apr-11,2,5
2-Apr-11,3,5
3-Apr-11,4,5
4-Apr-11,7,5
5-Apr-11,3,3
6-Apr-11,16,3
10-Apr-11,8,3
11-Apr-11,4,3
12-Apr-11,4,3
13-Apr-11,11,3
14-Apr-11,26,3
15-Apr-11,7,3
16-Apr-11,4,3
17-Apr-11,2,3
18-Apr-11,1,3
19-Apr-11,0,3
20-Apr-11,22,9
21-Apr-11,0,9
22-Apr-11,8,9
24-Apr-11,26,9
25-Apr-11,25,9
26-Apr-11,7,9
27-Apr-11,47,4
28-Apr-11,16,6
29-Apr-11,0,3
30-Apr-11,17,3
1-May-11,53,5
2-May-11,18,5
3-May-11,5,3
4-May-11,3,3
5-May-11,18,3
6-May-11,17,3
7-May-11,92,3
8-May-11,49,3
9-May-11,26,3
10-May-11,43,3
11-May-11,94,3
12-May-11,70,3
13-May-11,37,3
14-May-11,10,8
15-May-11,9,13
16-May-11,10,9
17-May-11,3,3
18-May-11,3,5
19-May-11,9,5
15-Aug-11,0,4
16-Aug-11,0,4
17-Aug-11,1,4
18-Aug-11,0,4
19-Aug-11,0,4
21-Aug-11,3,8
22-Aug-11,4,3
23-Aug-11,4,3
24-Aug-11,1,3
25-Aug-11,18,3
26-Aug-11,5,3
27-Aug-11,6,3
28-Aug-11,4,3
29-Aug-11,11,3
30-Aug-11,1,14
31-Aug-11,0,3
1-Sep-11,7,3
2-Sep-11,4,3
3-Sep-11,19,3
4-Sep-11,81,3
5-Sep-11,41,3
6-Sep-11,14,3
7-Sep-11,8,3
8-Sep-11,16,3
9-Sep-11,30,3
10-Sep-11,10,3
12-Sep-11,49,16
13-Sep-11,30,16
14-Sep-11,99,17
15-Sep-11,44,12
16-Sep-11,17,12
17-Sep-11,4,11
18-Sep-11,15,11
19-Sep-11,12,9
20-Sep-11,141,9
21-Sep-11,13,11
22-Sep-11,34,9
23-Sep-11,26,6
24-Sep-11,132,9
25-Sep-11,18,7
26-Sep-11,6,3
27-Sep-11,10,3
28-Sep-11,98,3
29-Sep-11,33,4
30-Sep-11,31,3
1-Oct-11,162,6
2-Oct-11,131,3
3-Oct-11,60,3
4-Oct-11,41,3
5-Oct-11,16,15
6-Oct-11,25,16
7-Oct-11,17,16
8-Oct-11,4,17
9-Oct-11,8,15
10-Oct-11,21,15
11-Oct-11,16,17
12-Oct-11,15,17
13-Oct-11,20,17
14-Oct-11,59,17
15-Oct-11,44,17
16-Oct-11,28,17
17-Oct-11,28,17
18-Oct-11,117,3
19-Oct-11,73,3
20-Oct-11,38,14
21-Oct-11,37,14
22-Oct-11,42,17
23-Oct-11,61,17
24-Oct-11,19,17
25-Oct-11,30,17
26-Oct-11,12,17
27-Oct-11,26,14
28-Oct-11,24,14
29-Oct-11,4,14
30-Oct-11,22,14
31-Oct-11,17,14
1-Nov-11,8,16
2-Nov-11,4,16
3-Nov-11,2,17
4-Nov-11,7,17
5-Nov-11,6,17
6-Nov-11,3,16
7-Nov-11,3,16
8-Nov-11,0,3
9-Nov-11,1,6
10-Nov-11,0,6
11-Nov-11,7,6
12-Nov-11,1,6
13-Nov-11,0,6
14-Nov-11,1,6
15-Nov-11,6,7
16-Nov-11,18,7
17-Nov-11,7,7
18-Nov-11,4,7
19-Nov-11,1,7
20-Nov-11,5,7
21-Nov-11,2,7
22-Nov-11,0,7
23-Nov-11,1,7
24-Nov-11,1,7
25-Nov-11,0,7
26-Nov-11,1,7
27-Nov-11,1,7
28-Nov-11,0,7
29-Nov-11,0,7
30-Nov-11,1,7
29-Feb-12,0,14
1-Mar-12,0,14
2-Mar-12,0,14
6-Mar-12,0,14
7-Mar-12,6,14
8-Mar-12,4,14
9-Mar-12,3,14
10-Mar-12,1,14
11-Mar-12,16,14
12-Mar-12,9,14
13-Mar-12,6,14
14-Mar-12,16,14
15-Mar-12,30,14
16-Mar-12,10,14
17-Mar-12,14,11
18-Mar-12,16,11
19-Mar-12,15,11
20-Mar-12,15,11
21-Mar-12,5,13
22-Mar-12,3,14
23-Mar-12,3,7
24-Mar-12,2,7
25-Mar-12,2,7
26-Mar-12,3,7
27-Mar-12,3,7
28-Mar-12,4,4
29-Mar-12,2,4
30-Mar-12,8,4
31-Mar-12,1,5
1-Apr-12,2,5
2-Apr-12,4,5
3-Apr-12,7,5
4-Apr-12,2,7
5-Apr-12,5,7
6-Apr-12,1,7
7-Apr-12,0,7
8-Apr-12,3,4
9-Apr-12,5,4
10-Apr-12,1,4
11-Apr-12,0,4
12-Apr-12,3,9
13-Apr-12,4,4
14-Apr-12,6,4
15-Apr-12,14,6
16-Apr-12,11,7
17-Apr-12,7,3
18-Apr-12,5,3
19-Apr-12,17,3
20-Apr-12,54,3
21-Apr-12,6,3
22-Apr-12,14,3
23-Apr-12,3,3
24-Apr-12,6,3
25-Apr-12,9,13
26-Apr-12,42,13
27-Apr-12,4,3
28-Apr-12,4,3
29-Apr-12,2,3
30-Apr-12,4,16
1-May-12,8,8
2-May-12,69,8
3-May-12,36,8
4-May-12,30,5
5-May-12,12,5
6-May-12,16,3
7-May-12,19,3
8-May-12,15,3
9-May-12,13,3
10-May-12,9,5
11-May-12,5,5
12-May-12,29,6
13-May-12,5,5
14-May-12,7,5
15-May-12,11,3
16-May-12,4,3
17-May-12,9,3
22-May-12,0,3
23-May-12,0,14
24-May-12,4,3
25-May-12,13,4
26-May-12,5,4
11-Aug-12,0,4
12-Aug-12,0,4
13-Aug-12,0,4
14-Aug-12,2,4
15-Aug-12,2,4
16-Aug-12,0,4
17-Aug-12,1,4
18-Aug-12,7,4
19-Aug-12,3,4
20-Aug-12,12,4
21-Aug-12,6,4
23-Aug-12,3,4
24-Aug-12,2,14
25-Aug-12,7,4
26-Aug-12,8,4
27-Aug-12,11,14
28-Aug-12,28,17
29-Aug-12,8,17
30-Aug-12,7,17
31-Aug-12,12,17
1-Sep-12,24,17
2-Sep-12,17,17
3-Sep-12,16,17
4-Sep-12,15,17
5-Sep-12,12,17
6-Sep-12,65,17
7-Sep-12,8,17
8-Sep-12,37,17
9-Sep-12,36,17
10-Sep-12,45,17
11-Sep-12,14,17
12-Sep-12,11,17
13-Sep-12,118,17
14-Sep-12,92,17
15-Sep-12,77,17
16-Sep-12,29,17
17-Sep-12,32,17
18-Sep-12,46,17
19-Sep-12,46,17
20-Sep-12,60,15
21-Sep-12,51,12
22-Sep-12,58,13
23-Sep-12,70,12
24-Sep-12,39,12
25-Sep-12,18,12
26-Sep-12,145,6
27-Sep-12,86,8
28-Sep-12,39,11
29-Sep-12,50,12
30-Sep-12,123,12
1-Oct-12,24,12
2-Oct-12,52,12
3-Oct-12,31,17
4-Oct-12,23,14
5-Oct-12,59,17
6-Oct-12,28,17
7-Oct-12,47,17
8-Oct-12,39,17
9-Oct-12,14,17
10-Oct-12,46,15
11-Oct-12,78,15
12-Oct-12,128,12
13-Oct-12,41,15
14-Oct-12,14,12
15-Oct-12,23,13
16-Oct-12,23,6
17-Oct-12,3,9
18-Oct-12,8,10
19-Oct-12,1,11
20-Oct-12,34,4
21-Oct-12,52,4
22-Oct-12,22,16
23-Oct-12,3,16
24-Oct-12,6,16
25-Oct-12,7,14
26-Oct-12,32,17
27-Oct-12,71,17
28-Oct-12,33,17
29-Oct-12,14,17
30-Oct-12,13,17
31-Oct-12,8,17
1-Nov-12,6,17
2-Nov-12,10,14
3-Nov-12,1,14
4-Nov-12,11,4
5-Nov-12,6,7
8-Nov-12,5,7
9-Nov-12,3,7
10-Nov-12,0,7
11-Nov-12,0,6
12-Nov-12,2,6
13-Nov-12,3,7
14-Nov-12,2,7
15-Nov-12,0,7
16-Nov-12,21,7
17-Nov-12,2,7
18-Nov-12,1,7
19-Nov-12,2,7
20-Nov-12,0,7
21-Nov-12,9,7
22-Nov-12,0,7
23-Nov-12,6,7
24-Nov-12,1,7
25-Nov-12,0,7
26-Nov-12,4,7
27-Nov-12,1,7
28-Nov-12,0,7
29-Nov-12,0,7
30-Nov-12,2,7
8-Mar-13,0,14
9-Mar-13,0,14
10-Mar-13,1,14
11-Mar-13,2,14
12-Mar-13,1,12
13-Mar-13,0,6
14-Mar-13,0,4
15-Mar-13,1,11
16-Mar-13,0,4
17-Mar-13,0,4
18-Mar-13,0,7
19-Mar-13,1,14
20-Mar-13,0,7
25-Mar-13,0,4
26-Mar-13,0,4
27-Mar-13,0,4
28-Mar-13,0,4
29-Mar-13,1,4
30-Mar-13,4,4
31-Mar-13,8,4
1-Apr-13,2,4
2-Apr-13,0,4
3-Apr-13,2,4
4-Apr-13,8,4
5-Apr-13,3,4
6-Apr-13,12,6
7-Apr-13,20,6
8-Apr-13,11,6
9-Apr-13,34,4
10-Apr-13,2,4
11-Apr-13,5,7
12-Apr-13,6,14
13-Apr-13,2,6
14-Apr-13,16,7
15-Apr-13,19,7
16-Apr-13,5,5
17-Apr-13,9,6
18-Apr-13,0,5
19-Apr-13,3,5
20-Apr-13,3,4
21-Apr-13,4,4
22-Apr-13,3,4
23-Apr-13,8,4
24-Apr-13,3,4
25-Apr-13,2,4
26-Apr-13,1,4
27-Apr-13,9,6
28-Apr-13,9,6
29-Apr-13,2,6
30-Apr-13,13,6
1-May-13,8,6
2-May-13,43,6
3-May-13,4,6
4-May-13,11,4
5-May-13,35,4
6-May-13,3,4
7-May-13,6,4
8-May-13,14,4
9-May-13,16,4
10-May-13,26,4
11-May-13,6,4
12-May-13,14,3
13-May-13,27,3
14-May-13,14,7
15-May-13,119,4
16-May-13,37,4
17-May-13,22,4
18-May-13,30,6
19-May-13,5,6
20-May-13,36,6
21-May-13,14,6
22-May-13,13,6
23-May-13,9,6
24-May-13,0,6
25-May-13,6,6
26-May-13,3,6
27-May-13,3,6
22-Aug-13,4,17
23-Aug-13,8,17
24-Aug-13,1,17
25-Aug-13,0,17
26-Aug-13,6,17
27-Aug-13,4,17
28-Aug-13,8,17
29-Aug-13,33,14
30-Aug-13,7,3
31-Aug-13,8,3
1-Sep-13,9,3
2-Sep-13,16,3
3-Sep-13,30,3
4-Sep-13,44,14
5-Sep-13,32,14
6-Sep-13,12,14
7-Sep-13,9,14
8-Sep-13,12,14
9-Sep-13,12,16
10-Sep-13,15,16
11-Sep-13,163,16
12-Sep-13,58,16
13-Sep-13,21,16
14-Sep-13,13,5
17-Sep-13,10,12
18-Sep-13,7,12
19-Sep-13,7,12
20-Sep-13,16,12
21-Sep-13,48,12
22-Sep-13,39,6
23-Sep-13,9,5
24-Sep-13,13,6
25-Sep-13,6,5
26-Sep-13,23,17
27-Sep-13,10,14
28-Sep-13,8,13
29-Sep-13,49,17
30-Sep-13,54,17
1-Oct-13,10,12
2-Oct-13,355,12
3-Oct-13,152,9
4-Oct-13,41,9
5-Oct-13,30,6
6-Oct-13,20,7
7-Oct-13,35,5
8-Oct-13,364,10
9-Oct-13,65,12
10-Oct-13,78,12
11-Oct-13,80,16
12-Oct-13,56,12
13-Oct-13,54,12
14-Oct-13,280,15
15-Oct-13,64,14
16-Oct-13,20,15
17-Oct-13,20,15
18-Oct-13,39,15
19-Oct-13,90,14
20-Oct-13,17,8
21-Oct-13,23,11
22-Oct-13,25,8
23-Oct-13,47,11
24-Oct-13,18,12
25-Oct-13,19,16
26-Oct-13,18,10
27-Oct-13,26,4
28-Oct-13,22,4
30-Oct-13,4,9
31-Oct-13,3,11
1-Nov-13,7,11
2-Nov-13,11,11
3-Nov-13,35,9
4-Nov-13,10,9
5-Nov-13,3,4
6-Nov-13,2,4
7-Nov-13,11,4
8-Nov-13,7,4
9-Nov-13,0,4
10-Nov-13,6,4
11-Nov-13,2,9
12-Nov-13,7,4
13-Nov-13,0,4
14-Nov-13,1,7
15-Nov-13,0,10
16-Nov-13,0,7
17-Nov-13,0,7
18-Nov-13,0,7
19-Nov-13,1,7
9-Mar-14,0,15
10-Mar-14,0,15
11-Mar-14,0,15
13-Mar-14,0,15
14-Mar-14,2,17
15-Mar-14,0,17
16-Mar-14,0,17
17-Mar-14,0,17
18-Mar-14,3,17
19-Mar-14,12,14
20-Mar-14,7,14
21-Mar-14,5,14
22-Mar-14,2,14
23-Mar-14,0,14
24-Mar-14,0,5
25-Mar-14,2,14
26-Mar-14,0,4
27-Mar-14,0,4
28-Mar-14,1,4
29-Mar-14,2,4
30-Mar-14,1,7
31-Mar-14,7,5
1-Apr-14,20,7
2-Apr-14,6,7
3-Apr-14,3,4
4-Apr-14,3,6
5-Apr-14,2,6
6-Apr-14,17,6
7-Apr-14,34,11
8-Apr-14,11,13
9-Apr-14,8,14
10-Apr-14,40,14
11-Apr-14,7,14
12-Apr-14,18,14
13-Apr-14,42,11
14-Apr-14,10,4
15-Apr-14,6,4
16-Apr-14,2,4
17-Apr-14,9,4
18-Apr-14,4,4
19-Apr-14,5,4
20-Apr-14,8,4
21-Apr-14,8,4
22-Apr-14,7,17
23-Apr-14,1,17
24-Apr-14,10,17
25-Apr-14,18,14
26-Apr-14,12,4
27-Apr-14,16,4
28-Apr-14,7,4
29-Apr-14,10,4
30-Apr-14,20,4
1-May-14,11,4
2-May-14,5,4
3-May-14,19,6
4-May-14,14,4
5-May-14,20,6
6-May-14,38,6
7-May-14,120,6
8-May-14,62,4
9-May-14,48,4
10-May-14,19,4
12-May-14,38,4
13-May-14,41,4
14-May-14,10,4
16-May-14,6,11
17-May-14,1,12
18-May-14,20,17
19-May-14,11,17
20-May-14,30,10
21-May-14,44,7
22-May-14,9,6
23-May-14,7,6
24-May-14,7,6
25-May-14,9,6
26-May-14,5,6
27-May-14,4,6
28-May-14,7,6
29-May-14,4,6
30-May-14,2,7
12-Aug-14,0,8
13-Aug-14,0,8
15-Aug-14,0,4
16-Aug-14,0,4
17-Aug-14,0,4
18-Aug-14,0,4
19-Aug-14,0,4
20-Aug-14,0,4
22-Aug-14,1,14
23-Aug-14,4,4
24-Aug-14,6,4
25-Aug-14,0,14
26-Aug-14,26,14
27-Aug-14,23,17
28-Aug-14,9,14
29-Aug-14,4,14
30-Aug-14,5,17
31-Aug-14,28,14
1-Sep-14,9,14
2-Sep-14,67,14
3-Sep-14,72,14
4-Sep-14,10,14
5-Sep-14,6,14
6-Sep-14,62,14
7-Sep-14,78,15
8-Sep-14,22,15
9-Sep-14,7,15
10-Sep-14,3,17
11-Sep-14,21,14
12-Sep-14,44,14
13-Sep-14,28,16
14-Sep-14,16,14
15-Sep-14,116,17
16-Sep-14,44,15
17-Sep-14,37,14
18-Sep-14,37,14
19-Sep-14,21,14
20-Sep-14,23,14
21-Sep-14,80,14
22-Sep-14,73,14
23-Sep-14,46,16
24-Sep-14,30,14
25-Sep-14,29,16
27-Sep-14,40,17
28-Sep-14,41,17
29-Sep-14,118,5
30-Sep-14,48,5
1-Oct-14,36,4
2-Oct-14,28,4
3-Oct-14,8,4
4-Oct-14,93,16
5-Oct-14,65,16
6-Oct-14,18,14
7-Oct-14,31,4
8-Oct-14,80,4
9-Oct-14,119,4
10-Oct-14,189,4
11-Oct-14,139,7
13-Oct-14,15,14
14-Oct-14,2,4
15-Oct-14,10,4
16-Oct-14,9,14
17-Oct-14,18,16
18-Oct-14,17,17
19-Oct-14,86,11
20-Oct-14,25,12
21-Oct-14,22,12
22-Oct-14,63,13
23-Oct-14,26,17
24-Oct-14,11,17
25-Oct-14,17,17
26-Oct-14,74,14
27-Oct-14,12,14
28-Oct-14,4,14
29-Oct-14,6,17
30-Oct-14,15,17
31-Oct-14,9,17
1-Nov-14,19,17
2-Nov-14,5,17
3-Nov-14,4,17
4-Nov-14,1,17
5-Nov-14,8,17
6-Nov-14,6,17
7-Nov-14,16,17
8-Nov-14,3,17
9-Nov-14,8,16
10-Nov-14,3,16
11-Nov-14,2,4
12-Nov-14,7,4
13-Nov-14,3,4
14-Nov-14,1,4
15-Nov-14,1,7
16-Nov-14,1,7
6-Mar-15,0,14
7-Mar-15,0,17
8-Mar-15,0,17
9-Mar-15,0,17
10-Mar-15,0,17
11-Mar-15,1,14
12-Mar-15,0,14
13-Mar-15,0,14
14-Mar-15,1,14
15-Mar-15,0,14
16-Mar-15,15,14
17-Mar-15,0,14
18-Mar-15,0,4
19-Mar-15,0,4
20-Mar-15,2,14
21-Mar-15,10,14
22-Mar-15,2,4
23-Mar-15,0,4
24-Mar-15,0,4
25-Mar-15,2,4
26-Mar-15,1,11
27-Mar-15,0,11
28-Mar-15,0,11
29-Mar-15,5,11
30-Mar-15,4,5
31-Mar-15,8,5
1-Apr-15,29,5
2-Apr-15,19,11
3-Apr-15,6,12
4-Apr-15,1,12
5-Apr-15,8,13
6-Apr-15,5,12
7-Apr-15,1,10
8-Apr-15,2,10
9-Apr-15,2,7
10-Apr-15,9,10
11-Apr-15,6,10
12-Apr-15,19,10
13-Apr-15,14,9
14-Apr-15,2,9
15-Apr-15,8,9
16-Apr-15,2,14
17-Apr-15,15,12
18-Apr-15,48,12
19-Apr-15,12,11
20-Apr-15,4,7
21-Apr-15,1,7
22-Apr-15,1,5
23-Apr-15,2,5
24-Apr-15,7,5
25-Apr-15,10,5
26-Apr-15,9,6
27-Apr-15,0,3
28-Apr-15,4,3
29-Apr-15,15,3
30-Apr-15,3,3
1-May-15,0,5
2-May-15,18,5
4-May-15,68,6
5-May-15,15,6
6-May-15,19,6
7-May-15,19,6
8-May-15,31,6
9-May-15,20,3
10-May-15,4,3
11-May-15,32,3
12-May-15,45,9
13-May-15,9,10
14-May-15,11,10
15-May-15,43,10
16-May-15,55,13
17-May-15,26,13
18-May-15,41,13
19-May-15,7,13
20-May-15,7,13
21-May-15,2,13
22-May-15,18,13
23-May-15,7,13
24-May-15,9,6
25-May-15,9,6
26-May-15,4,4
27-May-15,8,6
28-May-15,2,6
29-May-15,3,5
17-Aug-15,4,3
18-Aug-15,1,3
19-Aug-15,1,3
20-Aug-15,5,3
21-Aug-15,45,4
22-Aug-15,8,6
23-Aug-15,6,6
24-Aug-15,17,6
25-Aug-15,11,6
26-Aug-15,4,3
27-Aug-15,37,3
28-Aug-15,5,3
29-Aug-15,1,3
30-Aug-15,5,3
31-Aug-15,19,3
1-Sep-15,14,3
2-Sep-15,17,3
3-Sep-15,33,3
4-Sep-15,31,3
5-Sep-15,12,3
6-Sep-15,9,3
7-Sep-15,6,3
8-Sep-15,99,16
9-Sep-15,44,13
10-Sep-15,45,14
11-Sep-15,42,14
12-Sep-15,24,14
13-Sep-15,18,14
14-Sep-15,17,14
15-Sep-15,17,14
16-Sep-15,6,14
17-Sep-15,8,14
18-Sep-15,7,14
19-Sep-15,63,14
20-Sep-15,158,14
21-Sep-15,34,14
22-Sep-15,9,4
23-Sep-15,24,4
24-Sep-15,43,4
25-Sep-15,19,4
26-Sep-15,22,4
27-Sep-15,16,4
28-Sep-15,12,6
29-Sep-15,21,7
30-Sep-15,90,8
1-Oct-15,40,8
2-Oct-15,15,5
3-Oct-15,6,4
5-Oct-15,12,4
6-Oct-15,10,9
7-Oct-15,288,12
8-Oct-15,128,13
9-Oct-15,24,13
10-Oct-15,110,12
11-Oct-15,33,12
12-Oct-15,14,12
13-Oct-15,26,7
14-Oct-15,45,8
15-Oct-15,21,9
16-Oct-15,45,10
17-Oct-15,48,12
18-Oct-15,17,17
19-Oct-15,8,14
20-Oct-15,10,9
21-Oct-15,1,9
22-Oct-15,28,12
23-Oct-15,101,12
24-Oct-15,17,9
25-Oct-15,20,11
26-Oct-15,10,13
27-Oct-15,6,13
28-Oct-15,3,9
29-Oct-15,3,8
30-Oct-15,10,7
31-Oct-15,1,4
2-Nov-15,4,3
3-Nov-15,8,3
4-Nov-15,13,14
5-Nov-15,7,13
6-Nov-15,3,16
7-Nov-15,44,17
8-Nov-15,41,16
9-Nov-15,10,16
10-Nov-15,11,16
11-Nov-15,3,3
12-Nov-15,2,3
13-Nov-15,10,3
14-Nov-15,12,3
15-Nov-15,12,3
16-Nov-15,1,3
17-Nov-15,1,16
18-Nov-15,3,13
19-Nov-15,4,16
20-Nov-15,6,16
29-Feb-16,0,15
5-Mar-16,0,17
6-Mar-16,0,17
7-Mar-16,23,17
8-Mar-16,0,17
9-Mar-16,23,14
10-Mar-16,6,14
11-Mar-16,1,14
12-Mar-16,1,14
13-Mar-16,0,14
14-Mar-16,1,17
15-Mar-16,1,17
16-Mar-16,24,10
17-Mar-16,11,12
19-Mar-16,0,12
20-Mar-16,0,14
22-Mar-16,2,17
24-Mar-16,0,15
25-Mar-16,0,16
26-Mar-16,3,7
28-Mar-16,1,7
29-Mar-16,0,3
30-Mar-16,0,3
31-Mar-16,1,3
1-Apr-16,0,6
2-Apr-16,0,6
4-Apr-16,0,3
5-Apr-16,0,3
6-Apr-16,1,3
7-Apr-16,0,12
8-Apr-16,0,9
9-Apr-16,0,8
11-Apr-16,0,14
12-Apr-16,0,17
13-Apr-16,1,17
14-Apr-16,0,17
15-Apr-16,4,17
16-Apr-16,0,17
17-Apr-16,0,17
18-Apr-16,1,12
19-Apr-16,1,12
20-Apr-16,1,12
21-Apr-16,0,9
22-Apr-16,1,4
23-Apr-16,1,4
24-Apr-16,1,4
25-Apr-16,3,4
26-Apr-16,1,5
27-Apr-16,0,4
28-Apr-16,0,4
29-Apr-16,0,6
30-Apr-16,0,6
2-May-16,0,4
3-May-16,0,4
4-May-16,2,6
5-May-16,0,6
7-May-16,7,6
8-May-16,0,4
9-May-16,1,4
10-May-16,1,4
11-May-16,0,4
12-May-16,3,4
13-May-16,4,4
15-May-16,1,4
16-May-16,1,4
17-May-16,0,14
18-May-16,1,17
19-May-16,1,17
20-May-16,2,11
21-May-16,0,11
22-May-16,1,11
23-May-16,0,11
24-May-16,11,11
25-May-16,5,11
26-May-16,0,11
27-May-16,0,11
28-May-16,0,4
30-May-16,1,9
22-Aug-16,4,3
23-Aug-16,2,3
24-Aug-16,3,16
26-Aug-16,12,3
27-Aug-16,8,3
28-Aug-16,3,3
29-Aug-16,8,14
30-Aug-16,4,16
1-Sep-16,10,16
2-Sep-16,10,17
3-Sep-16,11,16
4-Sep-16,0,16
5-Sep-16,6,16
6-Sep-16,6,16
7-Sep-16,3,13
8-Sep-16,31,17
9-Sep-16,34,17
10-Sep-16,21,17
11-Sep-16,59,17
12-Sep-16,25,17
13-Sep-16,4,17
14-Sep-16,27,17
15-Sep-16,13,17
16-Sep-16,11,17
17-Sep-16,32,17
18-Sep-16,43,14
19-Sep-16,28,17
20-Sep-16,23,17
21-Sep-16,7,17
22-Sep-16,5,17
23-Sep-16,19,17
24-Sep-16,34,17
26-Sep-16,54,3
27-Sep-16,80,4
28-Sep-16,27,7
29-Sep-16,187,3
30-Sep-16,66,4
1-Oct-16,27,4
2-Oct-16,38,4
3-Oct-16,109,4
4-Oct-16,63,14
5-Oct-16,32,14
6-Oct-16,21,17
7-Oct-16,21,17
8-Oct-16,90,17
9-Oct-16,69,17
10-Oct-16,44,15
11-Oct-16,10,5
12-Oct-16,4,10
13-Oct-16,42,15
14-Oct-16,15,15
15-Oct-16,17,14
17-Oct-16,1,14
18-Oct-16,14,10
19-Oct-16,128,10
20-Oct-16,42,9
21-Oct-16,53,10
22-Oct-16,24,7
23-Oct-16,15,10
24-Oct-16,22,10
25-Oct-16,21,9
26-Oct-16,8,9
27-Oct-16,4,6
28-Oct-16,4,15
29-Oct-16,6,6
30-Oct-16,22,3
31-Oct-16,8,16
1-Nov-16,6,13
2-Nov-16,35,17
3-Nov-16,9,17
4-Nov-16,13,14
5-Nov-16,6,17
6-Nov-16,13,17
7-Nov-16,11,17
8-Nov-16,2,14
9-Nov-16,9,14
10-Nov-16,6,14
11-Nov-16,5,14
12-Nov-16,6,14
13-Nov-16,3,11
14-Nov-16,1,14
15-Nov-16,0,14
16-Nov-16,1,8
17-Nov-16,0,11
18-Nov-16,1,11
19-Nov-16,0,11
20-Nov-16,0,11
21-Nov-16,0,11
4-Mar-17,0,9
7-Mar-17,0,14
8-Mar-17,0,15
9-Mar-17,0,15
10-Mar-17,0,15
11-Mar-17,0,15
16-Mar-17,0,17
17-Mar-17,0,17
17-Mar-17,0,17
18-Mar-17,0,17
19-Mar-17,0,17
20-Mar-17,0,17
21-Mar-17,0,17
22-Mar-17,0,17
23-Mar-17,0,17
24-Mar-17,0,17
25-Mar-17,0,17
26-Mar-17,0,16
27-Mar-17,0,17
28-Mar-17,0,14
29-Mar-17,0,14
31-Mar-17,0,17
1-Apr-17,0,17
3-Apr-17,0,17
4-Apr-17,0,17
5-Apr-17,0,17
7-Apr-17,0,17
8-Apr-17,0,17
9-Apr-17,0,14
10-Apr-17,0,15
11-Apr-17,0,3
12-Apr-17,0,3
13-Apr-17,0,3
14-Apr-17,0,3
15-Apr-17,0,5
16-Apr-17,0,5
17-Apr-17,0,3
18-Apr-17,0,3
19-Apr-17,0,3
20-Apr-17,0,3
21-Apr-17,0,3
22-Apr-17,0,3
23-Apr-17,0,3
24-Apr-17,0,3
25-Apr-17,0,16
26-Apr-17,0,14
27-Apr-17,0,11
28-Apr-17,0,14
29-Apr-17,0,17
30-Apr-17,0,17
1-May-17,0,11
2-May-17,0,11
3-May-17,0,17
5-May-17,0,6
6-May-17,0,6
7-May-17,0,6
8-May-17,0,5
9-May-17,0,5
10-May-17,0,5
11-May-17,0,14
12-May-17,0,12
14-May-17,0,5
15-May-17,0,14
16-May-17,0,17
17-May-17,0,15
18-May-17,0,11
19-May-17,0,11
20-May-17,0,10
21-May-17,0,11
22-May-17,0,11
23-May-17,0,11
24-May-17,0,11
25-May-17,0,11
26-May-17,0,11
27-May-17,0,4
28-May-17,0,4
29-May-17,0,4
30-May-17,0,4
18-Aug-17,0,8
19-Aug-17,0,11
20-Aug-17,0,11
21-Aug-17,0,11
22-Aug-17,0,5
23-Aug-17,0,5
24-Aug-17,0,5
25-Aug-17,0,6
27-Aug-17,0,3
28-Aug-17,0,6
29-Aug-17,0,3
30-Aug-17,0,9
31-Aug-17,0,9
1-Sep-17,0,5
2-Sep-17,0,5
3-Sep-17,0,5
4-Sep-17,0,5
5-Sep-17,0,15
6-Sep-17,0,16
7-Sep-17,0,16
8-Sep-17,0,16
9-Sep-17,0,16
10-Sep-17,0,16
11-Sep-17,0,16
12-Sep-17,0,16
13-Sep-17,0,16
14-Sep-17,0,16
15-Sep-17,0,16
16-Sep-17,0,17
18-Sep-17,0,6
19-Sep-17,0,6
23-Sep-17,0,6
26-Sep-17,0,9
27-Sep-17,0,9
28-Sep-17,0,8
29-Sep-17,0,8
30-Sep-17,0,3
1-Oct-17,0,3
2-Oct-17,0,6
3-Oct-17,0,17
4-Oct-17,0,17
5-Oct-17,0,16
6-Oct-17,0,16
7-Oct-17,0,15
8-Oct-17,0,15
9-Oct-17,0,15
10-Oct-17,0,15
11-Oct-17,0,14
12-Oct-17,0,12
13-Oct-17,0,12
14-Oct-17,0,13
16-Oct-17,0,12
17-Oct-17,0,12
18-Oct-17,0,12
19-Oct-17,0,12
20-Oct-17,0,12
21-Oct-17,0,11
22-Oct-17,0,9
23-Oct-17,0,12
24-Oct-17,0,12
25-Oct-17,0,17
26-Oct-17,0,17
27-Oct-17,0,17
28-Oct-17,0,4
29-Oct-17,0,4
30-Oct-17,0,4
31-Oct-17,0,6
1-Nov-17,0,6
2-Nov-17,0,7
3-Nov-17,0,7
4-Nov-17,0,7
5-Nov-17,0,6
6-Nov-17,0,6
7-Nov-17,0,4
8-Nov-17,0,7
9-Nov-17,0,16
10-Nov-17,0,14
12-Nov-17,0,17
13-Nov-17,0,17
14-Nov-17,0,11
15-Nov-17,0,11
16-Nov-17,0,8
17-Nov-17,0,8
18-Nov-17,0,8
19-Nov-17,0,9
20-Nov-17,0,11
21-Nov-17,0,11
22-Nov-17,0,11
23-Nov-17,0,11
24-Nov-17,0,11
25-Nov-17,0,11
26-Nov-17,0,11
10-Mar-18,0,17
11-Mar-18,0,17
12-Mar-18,0,17
13-Mar-18,0,17
15-Mar-18,0,17
16-Mar-18,0,17
18-Mar-18,0,17
19-Mar-18,0,17
20-Mar-18,0,17
23-Mar-18,0,17
26-Mar-18,0,17
27-Mar-18,0,4
28-Mar-18,0,17
29-Mar-18,0,17
30-Mar-18,0,17
2-Apr-18,0,6
3-Apr-18,0,6
5-Apr-18,0,4
6-Apr-18,0,4
7-Apr-18,0,4
8-Apr-18,0,4
10-Apr-18,0,6
11-Apr-18,0,4
12-Apr-18,0,4
13-Apr-18,0,4
14-Apr-18,0,4
15-Apr-18,0,4
16-Apr-18,0,16
17-Apr-18,0,17
18-Apr-18,0,17
19-Apr-18,0,17
20-Apr-18,0,17
21-Apr-18,0,17
22-Apr-18,0,17
23-Apr-18,0,7
24-Apr-18,0,4
25-Apr-18,0,14
26-Apr-18,0,17
27-Apr-18,0,17
28-Apr-18,0,17
29-Apr-18,0,17
30-Apr-18,0,17
1-May-18,0,17
2-May-18,0,17
3-May-18,0,14
4-May-18,0,4
5-May-18,0,6
6-May-18,0,4
7-May-18,0,4
8-May-18,0,5
9-May-18,0,4
10-May-18,0,4
11-May-18,0,4
12-May-18,0,4
13-May-18,0,4
14-May-18,0,4
15-May-18,0,11
16-May-18,0,11
17-May-18,0,11
18-May-18,0,11
19-May-18,0,11
20-May-18,0,11
21-May-18,0,14
22-May-18,0,14
23-May-18,0,11
24-May-18,0,11
25-May-18,0,11
26-May-18,0,4

